{"cameraMode":{"drawMode":0,"name":"Shaded","section":"Shading Mode"},"sceneLighting":true,"audioPlay":false,"sceneViewState":{"m_AlwaysRefresh":false,"showFog":true,"showSkybox":true,"showFlares":true,"showImageEffects":true,"showParticleSystems":true,"showVisualEffectGraphs":true,"m_FxEnabled":true},"in2DMode":false,"pivot":{"x":1.9160642623901368,"y":4.923098564147949,"z":-4.534989833831787},"rotation":{"x":-0.0009765478316694498,"y":-0.995178759098053,"z":0.09884434938430786,"w":-0.009876635856926442},"size":6.270010948181152,"orthographic":false}