{"cameraMode":{"drawMode":0,"name":"Shaded","section":"Shading Mode"},"sceneLighting":true,"audioPlay":false,"sceneViewState":{"m_AlwaysRefresh":false,"showFog":true,"showSkybox":true,"showFlares":true,"showImageEffects":true,"showParticleSystems":true,"showVisualEffectGraphs":true,"m_FxEnabled":true},"in2DMode":false,"pivot":{"x":-0.5241494178771973,"y":5.641070365905762,"z":-3.9935855865478517},"rotation":{"x":0.007935919798910618,"y":-0.9853082299232483,"z":0.047324903309345248,"w":0.16464996337890626},"size":10.323671340942383,"orthographic":false}